When do you open,hours_info
when are you open,hours_info
What days are you closed on ?,hours_info
When do you close,hours_info
Are you open on christmasâ€™ Day?,hours_info
Are you open on pongal day?,hours_info
Are you open on Saturdays and Sundays?,hours_info
What time are you open untill?,hours_info
What are your hours of operations?,hours_info
What are your hours?,hours_info
Are you open on Sundays?,hours_info
what are you hours of operation in Coimbatore,hours_info
what are the hours of operation for your GrowArn Office,hours_info
list of your locations,location_info
Where are your stores?,location_info
Where are you physically located?,location_info
What are your locations?,location_info
List of location,location_info
Give me a list of locations,location_info
Locations in TamilNadu,location_info
locations in India,location_info
what's the address of your Chennai store?,location_info
What's the address of your Coimbatore store?,location_info
do you have a flower shop in Bangalore,location_info
where is your Coimbatore store?,location_info
